country,Population,Area_km2,Population_Density,region,gdp,gdp_per_capita,gdp_growth,Inflation,Unemployment,Exports,Imports,Military_Spending,Energy_Use,Internet_Users,HighTech_Exports,Trade_Balance,economic_power,tech_power,military_power,power_index,power_rank
United States,340110988,9525067,35.70693917428612,Americas,2.56048E+13,76657.24888,2.51237532,8.002799821,3.65,3.01738E+12,3.97631E+12,8.60692E+11,6511.688414,92.2016,20.5789833,-9.58935E+11,64328990464230.51,1897.415186701316,8.60692E+11,69.74064936520101,1
China,1408280000,9706961,145.07939199508476,Asia,1.83168E+13,12970.60564,3.134188872,1.973575557,4.98,3.71789E+12,3.14004E+12,2.91958E+11,2676.48201,75.6113,27.76506126,577846955110.7402,57408201101245.46,2099.352376169656,2.91958E+11,55.961567100174314,2
Singapore,6110200,710,8605.915492957747,Asia,5.09018E+11,90299.06946,4.108000219,6.130954189,3.591,9.47355E+11,7.44364E+11,11996550573,5785.043673,95.9539,56.82691899,202991295214.87097,2091045402890.4607,5452.764501846604,11996550573,29.07370619,3
Ireland,5458600,70273,77.67705947,Europe,5.48342E+11,105190.686,7.511138884,7.829457364,4.465,7.6497E+11,5.38743E+11,1164312099,2600.157406,96.6206,46.78678015,226226860149.41705,4118671375219.485,4520.566770139003,1164312099,27.02681270501995,4
Germany,83491249,357114,233.79438778653315,Europe,4.20102E+12,50506.51796,1.809258124,6.872574386,3.137,1.91686E+12,1.81305E+12,56153121240,3261.856408,91.6298,17.49815056,103809534747.08008,7600732652832.719,1603.352035941326,56153121240,26.80818956212224,5
Monaco,38423,2.02,19021.28712871288,Europe,8800430486,226052.0019,11.26629552,8.201289912,5.0625,18119750230,22079730542,924755885.7,1489.491125,99.1497,7.125146545,-491595453.7,99148250559.19272,471.0776442087287,924755885.7,26.475196760060022,6
United Kingdom,69281437,244376,283.50344141814253,Europe,3.18124E+12,47057.04323,5.149703885,7.922048831,3.768,1.08359E+12,1.11779E+12,64069879004,2254.369416,96.2989,27.15977082,-34200593267,16382466391457.488,2615.4560541444102,64069879004,25.051658576083604,7
Iceland,391810,103000,3.803980582524272,Europe,29166102877,76350.45504,8.820693956,8.308755116,3.789,13632709462,13505975928,0,15806.78484,99.8082,33.31162925,126733533.55789948,257265267376.5099,3324.7737549348435,0,24.836280960681574,8
India,1417492000,3287263,431.2073600439028,Asia,3.34611E+12,2347.448294,7.609364978,6.699034141,4.822,7.78022E+11,8.97551E+11,79976789328,727.9022001,55.9,12.68227948,-1.19529E+11,2.54618E+13,708.9394229727344,79976789328,24.036380717950657,9
Switzerland,9082848,41284,220.0089138649356,Europe,8.28509E+11,94394.51068,3.04406103,2.835027986,4.122,6.30825E+11,5.16666E+11,5652315106,2591.92141,96.4528,29.9881398,114158892790.09705,2522031737307.827,2892.4400502763574,5652315106,23.78274721461528,10
Norway,5606944,386224,14.517337089357472,Europe,5.96298E+11,109269.5206,3.246228603,5.764123179,3.231,3.30944E+11,1.61654E+11,8697821939,4651.486708,99,23.88494605,1.6929E+11,1935718490461.1584,2364.609658458346,8697821939,23.75612717169571,11
Liechtenstein,40900,160,255.625,Europe,7426856243,188055.0032,4.226813334,8.201289912,5.0625,18119750230,22079730542,924755885.7,1489.491125,96.4528,7.125146545,-491595453.7,129658914429.1806,471.0776442087287,924755885.7,23.646118970002824,12
Australia,27536874,7692024,3.579925647657886,Oceania,1.69563E+12,65169.51911,4.253045592,6.594096713,3.728,4.31733E+11,3.43078E+11,32445330432,4942.163722,97.0424,25.83187041,88654491787,7211581216085.925,2506.786701233292,32445330432,22.898715928896348,13
Cayman Islands,84738,264,320.97727272727275,Americas,6660161212,93030.70514,5.77566708,8.201289912,5.0625,18119750230,22079730542,924755885.7,1489.491125,78.7156,56.64670519,-491595453.7,38466873861.67637,471.0776442087287,924755885.7,22.773212385146337,14
Japan,123210000,377930,326.01275368454475,Asia,4.26246E+12,34065.6439,0.941998775,2.497702782,2.614,9.18408E+11,1.07698E+12,43198166359,3129.658617,84.9234,18.25926154,-1.5857E+11,4015235225906.752,1550.6385710575712,43198166359,22.46558143,15
Canada,41651653,9984670,4.171560301942878,Americas,2.19041E+12,56256.80073,4.189036281,6.802801153,5.279,7.43495E+11,7.31037E+11,25567943876,7578.020936,94,15.14897654,12458177185.200928,9175711485005.707,1424.003794576399,25567943876,22.455490193048693,16
France,66351959,543908,121.99114372283547,Europe,2.79479E+12,40988.63964,2.716762642,5.222367484,7.303,1.02334E+12,1.09966E+12,54677442426,3100.189782,85.3333,22.98318344,-76323175109,7592776002694.536,1961.230887842156,54677442426,22.320122799485272,17
Qatar,3173024,11586,273.86708095977906,Asia,2.35709E+11,88701.46898,4.184970185,4.995275537,0.13,1.61693E+11,74520054945,15412087912,16683.66361,99.6528,2.859699413,87172802198,986436563090.7052,284.9770536372948,15412087912,22.21990042,18
Malaysia,34231700,330803,103.48062139702482,Asia,4.07831E+11,11754.56783,9.03173723,3.378698625,3.93,3.13246E+11,2.83919E+11,3673788248,2867.096519,97.3986,58.2818244,29327053202.44403,3683418145291.613,5676.568102312509,3673788248,21.606370001542253,19
Netherlands,18100436,41865,432.3524662605996,Europe,1.04654E+12,59123.31856,5.007234552,10.00120788,3.526,1.00932E+12,9.17438E+11,13632443394,3570.12032,92.5197,21.95783801,91883758920.22998,5240275241140.499,2031.5325855590083,13632443394,21.519662699970567,20
Luxembourg,681973,2586,263.71732405259087,Europe,80801680397,123719.6589,-1.097416897,6.336008078,4.588,1.79629E+11,1.53417E+11,509908559.2,4862.947408,98.242,5.990460389,26211856977.30301,-88673129359,588.5148095720749,509908559.2,20.92057248975949,21
Belgium,11825551,30528,387.3673676624738,Europe,5.91086E+11,50605.74967,3.956237976,9.597511729,5.57,5.58111E+11,5.71921E+11,6890161300,4368.445626,94.0078,22.81791352,-13809785145,2338476022946.908,2145.061850354126,6890161300,19.67018378275189,22
Israel,10134800,21937,461.9957150020513,Asia,5.25181E+11,54949.62156,6.263263438,4.411627255,3.695,1.6483E+11,1.53665E+11,23406074573,2501.420643,91.8508,29.10905404,11164316352.001984,3289347006115.364,2673.689900913887,23406074573,19.25279503833538,23
United Arab Emirates,11294243,83600,135.0986004784689,Asia,5.11403E+11,50759.75892,7.514484258,5.291226044,2.872,5.21897E+11,4.27992E+11,924755885.7,8335.809572,100,9.287760224,93905513955.07098,3842932826416.229,928.7760224,924755885.7,19.233508702427923,24
Philippines,114123600,342353,333.3506643727381,Asia,4.04353E+11,3548.069306,7.580982128,5.821158112,2.598,1.14785E+11,1.78086E+11,5321933198,550.793804,75.2111,66.6110922,-63301036887,3065395668310.909,5009.893516,5321933198,19.176589282760283,25
Saudi Arabia,35300280,2149690,16.421102577580953,Asia,1.23908E+12,38510.22762,12.00058748,2.474073719,5.589,4.45881E+11,2.58213E+11,70920000000,7529.601031,100,0.295273431,1.87669E+11,14869630326066.045,29.52734307,70920000000,18.722208033830146,26
Denmark,6011488,43094,139.49709936418063,Europe,4.00114E+11,67781.09409,0.443832615,7.696566999,4.434,2.83102E+11,2.45032E+11,5475015488,2580.543192,97.8601,15.98828923,38069295181.12701,177583778843.81787,1564.615582707621,5475015488,18.68906861875334,27
Sweden,10605098,450295,23.55144516,Europe,5.75071E+11,54836.89072,1.255436204,8.369290989,7.417,3.12333E+11,3.03636E+11,7722479441,4323.665721,95.0097,17.25665414,8697233001.827026,721965251876.9744,1639.549532500292,7722479441,18.544723679426895,28
Bermuda,64055,54,1186.2037037037037,Americas,7874381000,121613.94,6.476225712,8.201289912,5.0625,3960723000,1960593000,924755885.7,1489.491125,78.7156,12.54029083,2000130000,50996268697.237526,471.0776442087287,924755885.7,18.01391294,29
Italy,58927633,301336,195.5545736320917,Europe,2.10407E+12,35653.90421,4.821176699,8.201289912,8.069,7.3851E+11,7.76766E+11,34691881158,2411.651724,85.0607,9.159162313,-38256625194,10144081832701.744,779.0847577327528,34691881158,17.81128063,30
Malta,574250,316,1817.246835443038,Europe,18928276162,35638.88695,2.483099938,6.153756219,3.471,24315280709,22089352129,79017560.39,1456.245248,91.5406,38.96158519,2225928580.496304,47000801372.48822,3566.5668851172686,79017560.39,17.75318189427926,31
Spain,49315949,505992,97.46389073345031,Europe,1.44885E+12,30319.49872,6.370317121,8.390576341,13.033,5.74783E+11,5.62068E+11,20306570633,2408.928115,94.4855,12.58371879,12715562305.447998,9.22964E+12,1188.978961840145,20306570633,17.630473138661813,32
Austria,9200931,83871,109.7033658833208,Europe,4.73221E+11,52336.77252,5.330963794,8.546869932,4.992,2.90687E+11,2.94118E+11,3612733178,3486.729433,93.6141,14.91417025,-3430638702,2522725611350.9644,1396.1766249440411,3612733178,17.379062856246204,33
Finland,5650325,338455,16.69446455215612,Europe,2.80253E+11,50440.56022,0.763041913,7.123507733,6.719,1.29715E+11,1.353E+11,4446368019,5683.951022,92.9888,9.623928437,-5585369977,213844860954.9052,894.9175566122693,4446368019,16.417941458906014,34
Kazakhstan,20426568,2724900,7.496263349113729,Asia,2.25496E+11,11255.33964,3.2,15.02786444,4.86,93736589050,60354782089,1163053994,3506.54555,92.2969,32.26664971,33381806961,7.21588E+11,2978.1117417136784,1163053994,16.377279817159295,35
New Zealand,5324700,268838,19.80635178062625,Oceania,2.4951E+11,49099.70904,3.496386865,7.17222476,3.299,60000634042,73427735097,2829085839,3764.507814,96.1942,12.05434154,-13427101056,872383456655.9165,1159.5577411872373,2829085839,16.22822792185938,36
Kuwait,4881254,17818,273.9507239869795,Asia,1.83502E+11,39981.7691,6.75866712,3.98064962,2.133,1.10926E+11,55915102041,8244121401,9129.597986,99.7237,0.716354808,55010612244.897705,1240229249381.3594,71.43755199454662,8244121401,16.095180234399354,37
Mexico,130575786,1964375,66.47192414890232,Americas,1.46693E+12,11405.79405,3.709757092,7.896276192,3.256,6.29789E+11,6.72827E+11,10065268403,1525.735161,78.6322,20.53436923,-43038473570,5441971496413.617,1614.6626278357633,10065268403,16.080646519581457,38
Czechia,10882341,78865,137.98695238699042,Europe,3.01831E+11,28282.22367,2.847170658,15.10016515,2.224,2.18554E+11,2.16117E+11,4005428326,3895.629289,84.5401,21.8353619,2436871173.5240173,8.59365E+11,1845.9636782200223,4005428326,15.58063234,39
Bahrain,1594654,765,2084.5150326797384,Asia,46458191489,30470.52193,6.180161255,3.625741043,1.265,44581914894,33068882979,1598069149,10701.79276,100,0.569959196,11513031914.893597,287119115008.3953,56.99591963,1598069149,15.494139416272985,40
Thailand,65859640,513120,128.3513408169629,Asia,4.95645E+11,6909.352818,2.580378747,-1.610680305,0.94,3.24017E+11,3.34491E+11,6030950057,1867.469683,87.9772,25.83774881,-10473882960,1278951043767.1497,2273.1327946505307,6030950057,15.433250493396415,41
Isle of Man,84530,572,147.77972027972027,Europe,7431257411,88328.54813,-4.165393452,8.201289912,5.0625,18119750230,22079730542,924755885.7,1489.491125,78.7156,7.125146545,-491595453.7,-30954110961,471.0776442087287,924755885.7,15.027095481598444,42
Brazil,213421037,8515767,25.06186900134773,Americas,1.95192E+12,9281.332821,3.016694354,9.28010609,9.231,3.83178E+11,3.74482E+11,20542063567,1432.727411,80.5278,9.11134628,8695118575.382996,5888357603843.796,733.7166709565405,20542063567,14.986861472826776,43
Estonia,1369995,45227,30.291529396157163,Europe,38226641740,28340.38265,-1.226169666,19.39826341,5.571,33421529205,33737756552,818278963.7,3559.048932,91.5202,18.01864383,-316227346.9,-46872348530,1649.069887193284,818278963.7,14.816525484002932,44
Poland,37392000,312679,119.58590119579505,Europe,6.95607E+11,18891.21212,5.255456974,14.42945076,2.811,4.33729E+11,4.22017E+11,15341313423,2798.007746,86.9411,11.63258778,11711940418.570984,3655735133880.837,1011.3499772028872,15341313423,14.712220203113235,45
Andorra,88406,468,188.9017094017094,Europe,3380611695,42414.04799,9.564612256,8.201289912,5.0625,18119750230,22079730542,924755885.7,1489.491125,94.4855,13.30766136,-491595453.7,32334240050,1257.381037172004,924755885.7,14.672424857405217,46
Oman,5343630,309500,17.265363489499194,Asia,1.09853E+11,23223.58294,7.985707284,2.506142506,3.3,69482444733,46681404421,5783485046,5867.320056,95.2453,7.619869533,22801040312,877252271847.0598,725.7567596528542,5783485046,14.310118680679787,47
Cyprus,1442614,9251,155.94141173927142,Europe,31218038929,33231.04297,8.273725973,8.39548298,6.806,32674701777,31557519608,532512389.9,1682.704925,89.601,17.65959812,1117182168.9426994,258289499511.8216,1582.3176514100617,532512389.9,14.293956977617784,48
Hungary,9539502,93028,102.54441673474652,Europe,1.77003E+11,18428.02883,4.152380578,14.60814395,3.583,1.58899E+11,1.68556E+11,3256817191,2672.867655,89.1428,18.40489173,-9657807947,734982077670.6648,1640.6635821384862,3256817191,14.255194078277414,49
Seychelles,122729,452,271.52433628318585,Africa,2018346589,16836.67219,12.71046889,2.626036329,5.0625,1818966306,2012397151,24505837.15,1489.491125,87.0353,25.03899166,-193430845.2,25654131525.958275,2179.276151,24505837.15,13.836360283113622,50
Latvia,1829000,64559,28.33067426694961,Europe,38003198509,20221.10369,1.90853419,17.31028302,6.815,29453042752,31311327145,856142771.8,2256.119045,91.0301,17.55058937,-1858284393,72530403694.93842,1597.6319054956143,856142771.8,13.752603777661035,51
Central African Republic,6470307,622984,10.385992256622965,Africa,2382618615,467.359825,0.453901876,5.583167352,6.287,293074002.7,784669456.4,42001802.66,1489.491125,78.7156,37.29740468,-491595453.7,1081475060.2156165,471.0776442087287,42001802.66,13.695519122712325,52
Faroe Islands,54885,1393,39.40057430007179,Europe,3615241801,67058.20226,3.860999817,8.201289912,5.0625,2218833104,2222973772,924755885.7,1489.491125,78.7156,7.125146545,-4140668.625,13958447929.028368,471.0776442087287,924755885.7,13.567073324177114,53
Mongolia,3544835,1564110,2.266359143538498,Asia,17146471714,4993.514875,5.032709637,15.15097282,5.954,11155726173,12219703773,89801313.74,1890.631139,82.1725,30.81416909,-1063977601,86293213428,2532.077309526323,89801313.74,13.555930820592216,54
San Marino,34132,61,559.5409836065573,Europe,1829211864,54190.84177,7.898441458,5.325453213,5.0625,3611090151,3164970423,924755885.7,1489.491125,85.0607,7.125146545,446119728.50929976,14447922821.076588,471.0776442087287,924755885.7,13.426889770359454,55
Dominica,67408,751,89.75765645805592,Americas,623062963,9323.660895,10.39680766,2.884902268,5.0625,18119750230,22079730542,924755885.7,1489.491125,83.3101,27.59466266,-491595453.7,6477865787,2298.9141060003494,924755885.7,13.360040393390662,56
Lithuania,2894886,65300,44.33209800918837,Europe,71033884500,25085.78406,2.53752574,19.70504615,5.955,61643097917,63129065381,1734372765,2453.939933,87.7242,12.99639413,-1485967464,180250310338.5779,1140.0982782340063,1734372765,13.221877227563983,57
Slovenia,2130638,20273,105.0973215606965,Europe,59899117741,28360.30415,2.668505555,8.833698867,4.011,56494607282,55305344696,775156293.4,3045.944586,88.9125,8.569786439,1189262585.5719986,159841128456.91214,761.9611367791158,775156293.4,13.039756741103814,58
Trinidad and Tobago,1367764,5130,266.6206627680312,Americas,28341164301,20750.52024,0.861260827,5.828386385,4.383,18119750230,22079730542,217163250.6,11038.40685,84.4957,0.0822279,-491595453.7,24409134590.493736,6.947903958050089,217163250.6,13.019763734160767,59
Greece,10400720,131990,78.79930298,Europe,2.1799E+11,20886.52431,5.521985806,9.645259813,12.426,1.0732E+11,1.28375E+11,8745382719,1957.798721,83.1707,14.47086518,-21054805057,1203738732799.1694,1203.5519863118989,8745382719,12.94474906777238,60
Greenland,56542,2166086,0.026103303,Americas,3152334772,55635.00065,2.004555809,8.201289912,5.0625,1285840101,1657341448,924755885.7,1489.491125,78.7156,7.125146545,-371501347.1,6319030977.599852,471.0776442087287,924755885.7,12.805103507074211,61
Chile,20206953,756102,26.72516803288445,Americas,3.01227E+11,15405.61658,2.153993562,11.64386671,8.249,1.07257E+11,1.19271E+11,4649295736,2124.698482,93.5377,6.936726841,-12014003857,648840104394.2694,648.8454742510199,4649295736,12.74346778519653,62
Costa Rica,5309625,51100,103.90655577299412,Americas,69243626029,13625.90085,4.55149178,8.274774902,11.325,29362895414,27574429707,0,1009.21523,82.598,21.974896,1788465707.0550003,315161794657.7311,1815.0824599056143,0,12.69579673609802,63
Romania,19036031,238391,79.85213787,Europe,2.95319E+11,15503.5518,4.187713051,13.79548874,5.614,1.28503E+11,1.48949E+11,5187965337,1655.23819,85.5031,11.85733756,-20446264510,1236713062883.5127,1013.8391187861336,5187965337,12.497135560860595,64
Indonesia,284438782,1904569,149.34548551404544,Asia,1.3191E+12,4730.834848,5.307197227,4.209464637,3.462,3.23218E+11,2.76507E+11,10133923494,953.6539285,66.4846,8.308193067,46711393458.112976,7000730142103.213,552.3668928,10133923494,12.382321783947377,65
Barbados,267800,430,622.7906976744187,Americas,6884900000,24387.03873,17.22646268,8.201289912,7.261,18119750230,22079730542,924755885.7,1489.491125,79.4451,17.01173931,-491595453.7,118602472900.97353,1351.4993303524632,924755885.7,12.345424339463742,66
Uruguay,3499451,181034,19.33035230951092,Americas,70594110920,20818.61461,4.486227031,9.104379831,7.877,23530155862,19553991329,1297897837,1626.060349,89.873,9.551600233,3976164532.761902,316701208619.1621,858.4309677290922,1297897837,12.307207608719104,67
Portugal,10749635,92090,116.7296666304702,Europe,2.56899E+11,24620.51976,6.985841376,7.832691242,6.138,1.27118E+11,1.33285E+11,3566560368,1949.864961,84.4969,6.990491601,-6167577402,1794653408398.2837,590.6748697373721,3566560368,12.219934559124027,68
Argentina,46735004,2780400,16.808733995108618,Americas,6.33994E+11,13962.18941,6.020745375,72.43075753,6.805,1.03225E+11,96991607941,4338261310,1808.760213,88.3754,4.751575243,6233148859.447205,3817114976249.583,419.92236276432976,4338261310,12.140184139394169,69
Guam,153836,549,280.2112932604736,Oceania,6910000000,41833.15171,5.099864262,8.201289912,5.383,545000000,4421000000,924755885.7,1489.491125,78.7156,7.125146545,-3876000000,35240062052,471.0776442087287,924755885.7,11.890395750187624,70
Croatia,3866233,56594,68.31524543237799,Europe,71196498671,18465.54144,7.294453436,10.78058068,6.811,42370492109,46917661962,1282110613,2154.954833,82.0716,12.06385404,-4547169853,519339544393.0588,990.0998034643007,1282110613,11.864179422554532,71
Armenia,3076200,29743,103.42601620549372,Asia,19513506553,6571.974455,12.6,8.64091109,13.451,10063294925,10207068194,795201580,1347.590557,77.0277,21.84752834,-143773268.8,245870182565.0169,1682.864858987488,795201580,11.581558597403033,72
Belarus,9109280,207600,43.87899807321773,Europe,73775179925,7994.648061,-4.658395913,15.20967527,3.574,46516126576,42031948517,1105174741,2862.487035,89.5073,7.125146545,4484178059,-3.43674E+11,471.0776442087287,1105174741,11.522989623663168,73
New Caledonia,264596,18575,14.244737550471063,Oceania,9623318718,33516.36309,3.5,8.201289912,10.71,1480256674,3376896803,924755885.7,1489.491125,78.7156,7.125146545,-1896640129,33681615514.101643,471.0776442087287,924755885.7,11.343728968028705,74
Bulgaria,6437360,110879,58.05752216380018,Europe,90506153294,13999.19495,4.083864092,15.32525893,4.148,63335730821,62327426616,1436901370,2968.656634,79.1269,10.38267754,1008304204.7328032,369614829496.94006,821.5490875867569,1436901370,11.325111048293465,75
Turks and Caicos Islands,50828,948,53.61603375527426,Americas,1434119000,31280.5418,14.08712342,8.201289912,5.0625,18119750230,22079730542,924755885.7,1489.491125,78.7156,7.125146545,-491595453.7,20202611347.399742,471.0776442087287,924755885.7,11.230420401278426,76
Gibraltar,38000,6,6333.333333333333,Europe,38226641740,7655.59421,4.226813334,8.201289912,5.0625,18119750230,22079730542,924755885.7,6522.234993,78.7156,7.125146545,-491595453.7,129658914429.1806,471.0776442087287,924755885.7,11.211035315764295,77
Aruba,107566,180,597.5888888888888,Americas,3324034443,30975.99891,10.63643096,8.201289912,5.0625,2686048558,2653499093,924755885.7,1489.491125,78.7156,7.125146545,32549464.63212013,35355862865.926056,471.0776442087287,924755885.7,11.170918205360655,78
Libya,7459000,1759540,4.239176148311491,Africa,43246297922,5986.636949,-8.299818112,4.510301492,19.238,39778344211,27824997263,1214864558,2539.198138,88.6412,7.125146545,11953346948.739704,-3.58936E+11,471.0776442087287,1214864558,11.137299206782087,79
Montenegro,623327,13812,45.12938024905879,Europe,6251215144,10024.54356,7.739546895,13.04030363,14.851,3209682769,4632837811,98011519.01,1674.128603,88.2219,8.21019507,-1423155042,48381572759.777534,724.3190084202105,98011519.01,11.05887769364871,80
French Polynesia,279500,4167,67.07463402927766,Oceania,5622688338,20053.95694,2.937347072,8.201289912,11.793,1226708760,2682544156,924755885.7,1489.491125,78.7156,9.982096392,-1455835396,16515787124.510376,471.0776442087287,924755885.7,10.873630059106429,81
Ukraine,32862000,603550,54.44785021953442,Europe,1.6199E+11,4199.670898,-28.75858422,20.18363666,5.0625,57417372455,84155821685,41183927473,1479.47225,82.6753,5.736135656,-26738449230,-4.65859E+12,474.2367362195278,41183927473,10.859959123336422,82
Turkmenistan,7057841,488100,14.459825855357508,Asia,42208726138,5837.842245,6.199999936,8.201289912,4.017,10500003956,5269577517,924755885.7,5625.645237,78.7156,7.125146545,5230426440,261694099361.65903,471.0776442087287,924755885.7,10.85335046,83
Serbia,6567783,77589,84.64837799172562,Europe,66809895701,10024.81911,2.703477055,11.98151173,8.439,40579106357,47552026634,1451348837,2440.916585,83.5383,7.125146545,-6972920277,180619020104.34363,471.0776442087287,1451348837,10.825670929645199,84
Lebanon,5490000,10452,525.2583237657865,Asia,20992421949,3654.358455,-0.621678971,171.2054913,11.105,7311404299,16806427844,218747732,617.482999,82.798,15.13321994,-9495023545,-13050547269,1253.000344920828,218747732,10.809370664099616,85
Russia,146028325,17098246,8.540544158740024,Europe,38226641740,7655.59421,4.226813334,8.201289912,5.0625,18119750230,22079730542,924755885.7,1489.491125,78.7156,7.125146545,-491595453.7,129658914429.1806,471.0776442087287,924755885.7,10.726402454143386,86
Northern Mariana Islands,47329,464,102.0021551724138,Oceania,1096000000,23785.75459,16.64275466,8.201289912,5.0625,244000000,777000000,924755885.7,1489.491125,78.7156,7.125146545,-533000000,18240459110.47352,471.0776442087287,924755885.7,10.68399024,87
Azerbaijan,10241722,86600,118.2646882,Asia,78807470588,7770.594223,4.714680332,13.85225901,5.65,47274117647,21274411765,2991035294,1714.03726,88,3.912944162,25999705882,371552031634.5725,344.33908625623764,2991035294,10.55870215420935,88
Morocco,36828330,446550,82.47302654,Africa,1.31245E+11,3463.137695,1.812692422,6.657042028,9.413,58681916332,73752886131,4995028074,602.9944778,89.9,4.498382084,-15070969799,237907383936.89297,404.4045493591408,4995028074,10.543877584125108,89
Iraq,46118793,438317,105.2178970927434,Asia,2.87372E+11,6520.731546,7.95904805,4.994765964,15.41,1.27955E+11,69638475862,4691837701,1411.588699,78.7156,7.125146545,58316729655,2.28721E+12,471.0776442087287,4691837701,10.527057670272487,90
DR Congo,112832000,2344858,48.118905281257966,Africa,38226641740,7655.59421,4.226813334,8.201289912,5.0625,18119750230,22079730542,924755885.7,1489.491125,78.7156,7.125146545,-491595453.7,129658914429.1806,471.0776442087287,924755885.7,10.492211890810403,91
Egypt,107271260,1002450,107.00908773504914,Africa,38226641740,7655.59421,4.226813334,8.201289912,5.0625,18119750230,22079730542,924755885.7,1489.491125,78.7156,7.125146545,-491595453.7,129658914429.1806,471.0776442087287,924755885.7,10.452982463060545,92
Vietnam,101343800,331212,305.9786481166141,Asia,38226641740,7655.59421,4.226813334,8.201289912,5.0625,18119750230,22079730542,924755885.7,1489.491125,78.7156,7.125146545,-491595453.7,129658914429.1806,471.0776442087287,924755885.7,10.411165930762657,93
South Africa,63100945,1221037,51.67815962988836,Africa,4.07596E+11,6534.248678,2.058136617,7.039872725,33.268,1.36705E+11,1.28017E+11,3247390718,1938.306447,75.4556,5.521969233,8688913283.824997,838888341150.5022,416.6635016849852,3247390718,10.31504341785617,94
Iran,85961000,1648195,52.15462976164835,Asia,38226641740,7655.59421,4.226813334,8.201289912,5.0625,18119750230,22079730542,924755885.7,1489.491125,78.7156,7.125146545,-491595453.7,129658914429.1806,471.0776442087287,924755885.7,10.302644683376426,95
American Samoa,49710,199,249.7989949748744,Oceania,871000000,18017.45894,1.735015773,8.201289912,5.0625,409000000,677000000,924755885.7,1489.491125,78.7156,7.125146545,-268000000,1511198738.170336,471.0776442087287,924755885.7,10.300954010295978,96
Turkey,85664944,783562,109.32758862731986,Asia,38226641740,7655.59421,4.226813334,8.201289912,5.0625,18119750230,22079730542,924755885.7,1489.491125,78.7156,7.125146545,-491595453.7,129658914429.1806,471.0776442087287,924755885.7,10.300556093105723,97
Suriname,616500,163820,3.763276767183494,Americas,3791603200,6084.438767,2.406222356,52.44602728,7.973,18119750230,22079730542,924755885.7,1738.823455,77.6494,11.35014498,-491595453.7,9123440385,881.3319479029755,924755885.7,10.152059399899436,98
South Korea,51159889,100210,510.5267837541164,Asia,38226641740,7655.59421,4.226813334,8.201289912,5.0625,18119750230,22079730542,924755885.7,1489.491125,78.7156,7.125146545,-491595453.7,129658914429.1806,471.0776442087287,924755885.7,10.057132814526373,99
Maldives,515132,300,1717.1066666666666,Asia,6177123352,11786.01915,13.82608952,2.333143376,4.303,5106680724,4915296259,924755885.7,1489.491125,83.9119,4.096414731,191384465.4042005,85405460434.66089,343.7379432915596,924755885.7,10.03717369508568,100
Palau,16733,459,36.45533769063181,Oceania,243826812.7,13729.76028,1.51267904,12.35266384,5.0625,38204284.67,218303802.5,924755885.7,1489.491125,78.7156,7.125146545,-180099517.8,368831709.1210772,471.0776442087287,924755885.7,10.014213502083635,101
Dominican Republic,10771504,48671,221.31256805900844,Americas,1.13478E+11,10104.24493,5.237956529,8.811092093,5.504,24994895245,36712443291,773360376.5,950.4701053,81.5127,6.018790559,-11717548046,594393287409.1013,490.6078691797388,773360376.5,10.010213118506883,102
Nauru,11680,21,556.1904761904761,Oceania,152373433.9,12911.90864,2.877697842,8.201289912,5.0625,81992870.37,172986947.4,924755885.7,1489.491125,78.7156,7.125146545,-90994077.03,438484701.8976863,471.0776442087287,924755885.7,9.959863800571119,103
Colombia,53057212,1141748,46.470159790076266,Americas,3.45632E+11,6680.445069,7.328277294,10.17723135,10.541,70468824549,96411719931,9661013162,851.2327766,72.7964,8.401826372,-25942895382,2532890749528.588,611.6227132967889,9661013162,9.933425631,104
Yemen,32684503,527968,61.90621969513304,Asia,38226641740,7655.59421,4.226813334,8.201289912,5.0625,18119750230,22079730542,924755885.7,1489.491125,78.7156,7.125146545,-491595453.7,129658914429.1806,471.0776442087287,924755885.7,9.926794258823765,105
Ivory Coast,31719275,322463,98.36562644396412,Africa,38226641740,7655.59421,4.226813334,8.201289912,5.0625,18119750230,22079730542,924755885.7,1489.491125,78.7156,7.125146545,-491595453.7,129658914429.1806,471.0776442087287,924755885.7,9.919984851786548,106
Venezuela,28517000,916445,31.116979196787582,Americas,38226641740,7655.59421,4.226813334,8.201289912,5.0625,18119750230,22079730542,924755885.7,1489.491125,78.7156,7.125146545,-491595453.7,129658914429.1806,471.0776442087287,924755885.7,9.897393718997085,107
North Macedonia,1822612,25713,70.88289970054058,Europe,13932436550,7606.237525,2.758884153,14.20471732,14.476,10140779609,13007595538,220214187.4,1476.135426,85.008,4.014984906,-2866815929,38437978415.30971,341.3058368858094,220214187.4,9.884418426,108
Algeria,47400000,2381741,19.901408255557595,Africa,2.25582E+11,4960.303343,3.600000001,9.265515516,12.382,69460098852,46015346670,9145810174,1499.51,74.8319,7.125146545,23444752182.25161,812093921143.3556,471.0776442087287,9145810174,9.882453537510225,109
North Korea,25950000,120538,215.28480645107769,Asia,38226641740,7655.59421,4.226813334,8.201289912,5.0625,18119750230,22079730542,924755885.7,1489.491125,78.7156,7.125146545,-491595453.7,129658914429.1806,471.0776442087287,924755885.7,9.879284269349398,110
Syria,25620000,185180,138.35187385246786,Asia,38226641740,7655.59421,4.226813334,8.201289912,5.0625,18119750230,22079730542,924755885.7,1489.491125,78.7156,7.125146545,-491595453.7,129658914429.1806,471.0776442087287,924755885.7,9.876956213882417,111
Taiwan,23317031,36197,644.1702627289554,Asia,38226641740,7655.59421,4.226813334,8.201289912,5.0625,18119750230,22079730542,924755885.7,1489.491125,78.7156,7.125146545,-491595453.7,129658914429.1806,471.0776442087287,924755885.7,9.860709427304434,112
Jordan,11734000,89342,131.33800452194936,Asia,48764963380,4332.251599,2.647435149,4.229155689,18.2,20743380282,30018732394,2334573239,754.3055031,90.5,1.449688267,-9275352113,129102078098.5357,131.19678813504498,2334573239,9.850917344269467,113
Somalia,19655000,637657,30.82378143735582,Africa,38226641740,7655.59421,4.226813334,8.201289912,5.0625,18119750230,22079730542,924755885.7,1489.491125,78.7156,7.125146545,-491595453.7,129658914429.1806,471.0776442087287,924755885.7,9.834874847638376,114
Laos,7647000,236800,32.29307432432432,Asia,38226641740,7655.59421,4.226813334,8.201289912,5.0625,18119750230,22079730542,924755885.7,1489.491125,78.7156,7.125146545,-491595453.7,129658914429.1806,471.0776442087287,924755885.7,9.750161847494459,115
Hong Kong,7527500,1104,6818.387681,Asia,38226641740,7655.59421,4.226813334,8.201289912,5.0625,18119750230,22079730542,924755885.7,1489.491125,78.7156,7.125146545,-491595453.7,129658914429.1806,471.0776442087287,924755885.7,9.749318809226873,116
Kyrgyzstan,7281800,199951,36.417922390985794,Asia,38226641740,7655.59421,4.226813334,8.201289912,5.0625,18119750230,22079730542,924755885.7,1489.491125,78.7156,7.125146545,-491595453.7,129658914429.1806,471.0776442087287,924755885.7,9.747585466111003,117
Republic of the Congo,6142180,342000,17.959590643274854,Africa,38226641740,7655.59421,4.226813334,8.201289912,5.0625,18119750230,22079730542,924755885.7,1489.491125,78.7156,7.125146545,-491595453.7,129658914429.1806,471.0776442087287,924755885.7,9.739545773470763,118
Palestine,5483450,6220,881.5836012861737,Asia,38226641740,7655.59421,4.226813334,8.201289912,5.0625,18119750230,22079730542,924755885.7,1489.491125,78.7156,7.125146545,-491595453.7,129658914429.1806,471.0776442087287,924755885.7,9.734898622022994,119
Slovakia,5413813,49037,110.40261435242776,Europe,38226641740,7655.59421,4.226813334,8.201289912,5.0625,18119750230,22079730542,924755885.7,1489.491125,78.7156,7.125146545,-491595453.7,129658914429.1806,471.0776442087287,924755885.7,9.734407352936467,120
Paraguay,6109644,406752,15.020562898277085,Americas,41952910858,6205.625954,0.176038366,9.765566672,6.755,14418957277,16516240285,365688252.6,1044.985068,76.2592,10.56199393,-2097283008,7385321882.660833,805.4492078032357,365688252.6,9.733098131866189,121
Puerto Rico,3203295,8870,361.1381059751973,Americas,38226641740,7655.59421,4.226813334,8.201289912,5.0625,18119750230,22079730542,924755885.7,1489.491125,78.7156,7.125146545,-491595453.7,129658914429.1806,471.0776442087287,924755885.7,9.718812781679627,122
Gambia,2422712,10689,226.6546917391711,Africa,38226641740,7655.59421,4.226813334,8.201289912,5.0625,18119750230,22079730542,924755885.7,1489.491125,78.7156,7.125146545,-491595453.7,129658914429.1806,471.0776442087287,924755885.7,9.713305992,123
Réunion,896175,2511,356.89964157706095,Africa,38226641740,7655.59421,4.226813334,8.201289912,5.0625,18119750230,22079730542,924755885.7,1489.491125,78.7156,7.125146545,-491595453.7,129658914429.1806,471.0776442087287,924755885.7,9.702536710985754,124
Macau,685900,30,22863.33333333333,Asia,38226641740,7655.59421,4.226813334,8.201289912,5.0625,18119750230,22079730542,924755885.7,1489.491125,78.7156,7.125146545,-491595453.7,129658914429.1806,471.0776442087287,924755885.7,9.701053281096907,125
Western Sahara,600904,266000,2.2590375939849623,Africa,38226641740,7655.59421,4.226813334,8.201289912,5.0625,18119750230,22079730542,924755885.7,1489.491125,78.7156,7.125146545,-491595453.7,129658914429.1806,471.0776442087287,924755885.7,9.700453658665175,126
Cape Verde,491233,4033,121.80337217951896,Africa,38226641740,7655.59421,4.226813334,8.201289912,5.0625,18119750230,22079730542,924755885.7,1489.491125,78.7156,7.125146545,-491595453.7,129658914429.1806,471.0776442087287,924755885.7,9.699679961176935,127
Brunei,455500,5765,79.01127493,Asia,38226641740,7655.59421,4.226813334,8.201289912,5.0625,18119750230,22079730542,924755885.7,1489.491125,78.7156,7.125146545,-491595453.7,129658914429.1806,471.0776442087287,924755885.7,9.699427875098143,128
Bahamas,398165,13943,28.5566234,Americas,38226641740,7655.59421,4.226813334,8.201289912,5.0625,18119750230,22079730542,924755885.7,1489.491125,78.7156,7.125146545,-491595453.7,129658914429.1806,471.0776442087287,924755885.7,9.699023393097539,129
Guadeloupe,378561,1628,232.5313267813268,Americas,38226641740,7655.59421,4.226813334,8.201289912,5.0625,18119750230,22079730542,924755885.7,1489.491125,78.7156,7.125146545,-491595453.7,129658914429.1806,471.0776442087287,924755885.7,9.698885092493374,130
Martinique,349925,1128,310.2171985815603,Americas,38226641740,7655.59421,4.226813334,8.201289912,5.0625,18119750230,22079730542,924755885.7,1489.491125,78.7156,7.125146545,-491595453.7,129658914429.1806,471.0776442087287,924755885.7,9.698683073716548,131
Mayotte,320901,374,858.0240642,Africa,38226641740,7655.59421,4.226813334,8.201289912,5.0625,18119750230,22079730542,924755885.7,1489.491125,78.7156,7.125146545,-491595453.7,129658914429.1806,471.0776442087287,924755885.7,9.698478318,132
French Guiana,292354,83534,3.499820432398784,Americas,38226641740,7655.59421,4.226813334,8.201289912,5.0625,18119750230,22079730542,924755885.7,1489.491125,78.7156,7.125146545,-491595453.7,129658914429.1806,471.0776442087287,924755885.7,9.698276926803551,133
São Tomé and Príncipe,209607,964,217.43464730290447,Africa,38226641740,7655.59421,4.226813334,8.201289912,5.0625,18119750230,22079730542,924755885.7,1489.491125,78.7156,7.125146545,-491595453.7,129658914429.1806,471.0776442087287,924755885.7,9.69769317,134
Saint Lucia,184100,616,298.8636363636364,Americas,38226641740,7655.59421,4.226813334,8.201289912,5.0625,18119750230,22079730542,924755885.7,1489.491125,78.7156,7.125146545,-491595453.7,129658914429.1806,471.0776442087287,924755885.7,9.697513225844391,135
Curaçao,156115,444,351.61036036036035,Americas,38226641740,7655.59421,4.226813334,8.201289912,5.0625,18119750230,22079730542,924755885.7,1489.491125,78.7156,7.125146545,-491595453.7,129658914429.1806,471.0776442087287,924755885.7,9.697315799686077,136
Saint Vincent and the Grenadines,110872,389,285.0179948586118,Americas,38226641740,7655.59421,4.226813334,8.201289912,5.0625,18119750230,22079730542,924755885.7,1489.491125,78.7156,7.125146545,-491595453.7,129658914429.1806,471.0776442087287,924755885.7,9.696996623281555,137
Micronesia,105564,702,150.3760683760684,Oceania,38226641740,7655.59421,4.226813334,8.201289912,5.0625,18119750230,22079730542,924755885.7,1489.491125,78.7156,7.125146545,-491595453.7,129658914429.1806,471.0776442087287,924755885.7,9.696959176862103,138
Jersey,103267,116,890.2327586206897,Europe,38226641740,7655.59421,4.226813334,8.201289912,5.0625,18119750230,22079730542,924755885.7,1489.491125,78.7156,7.125146545,-491595453.7,129658914429.1806,471.0776442087287,924755885.7,9.696942972185111,139
United States Virgin Islands,87146,347,251.14121037463977,Americas,38226641740,7655.59421,4.226813334,8.201289912,5.0625,18119750230,22079730542,924755885.7,1489.491125,78.7156,7.125146545,-491595453.7,129658914429.1806,471.0776442087287,924755885.7,9.696829243148192,140
Guernsey,64781,78,830.525641,Europe,38226641740,7655.59421,4.226813334,8.201289912,5.0625,18119750230,22079730542,924755885.7,1489.491125,78.7156,7.125146545,-491595453.7,129658914429.1806,471.0776442087287,924755885.7,9.696671464479953,141
Saint Kitts and Nevis,51320,261,196.62835249042143,Americas,38226641740,7655.59421,4.226813334,8.201289912,5.0625,18119750230,22079730542,924755885.7,1489.491125,78.7156,7.125146545,-491595453.7,129658914429.1806,471.0776442087287,924755885.7,9.696576500981042,142
Sint Maarten,41349,34,1216.1470588235295,Americas,38226641740,7655.59421,4.226813334,8.201289912,5.0625,18119750230,22079730542,924755885.7,1489.491125,78.7156,7.125146545,-491595453.7,129658914429.1806,471.0776442087287,924755885.7,9.696506158,143
British Virgin Islands,39471,151,261.3973509933775,Americas,38226641740,7655.59421,4.226813334,8.201289912,5.0625,18119750230,22079730542,924755885.7,1489.491125,78.7156,7.125146545,-491595453.7,129658914429.1806,471.0776442087287,924755885.7,9.696492909680348,144
Caribbean Netherlands,31980,328,97.5,Americas,38226641740,7655.59421,4.226813334,8.201289912,5.0625,18119750230,22079730542,924755885.7,1489.491125,78.7156,7.125146545,-491595453.7,129658914429.1806,471.0776442087287,924755885.7,9.696440063,145
Saint Martin,31496,53,594.2641509433962,Americas,38226641740,7655.59421,4.226813334,8.201289912,5.0625,18119750230,22079730542,924755885.7,1489.491125,78.7156,7.125146545,-491595453.7,129658914429.1806,471.0776442087287,924755885.7,9.696436648339898,146
Åland Islands,30654,1580,19.40126582278481,Europe,38226641740,7655.59421,4.226813334,8.201289912,5.0625,18119750230,22079730542,924755885.7,1489.491125,78.7156,7.125146545,-491595453.7,129658914429.1806,471.0776442087287,924755885.7,9.696430708,147
Anguilla,16010,91,175.93406593406593,Americas,38226641740,7655.59421,4.226813334,8.201289912,5.0625,18119750230,22079730542,924755885.7,1489.491125,78.7156,7.125146545,-491595453.7,129658914429.1806,471.0776442087287,924755885.7,9.696327399046073,148
Cook Islands,15040,236,63.72881355932204,Oceania,38226641740,7655.59421,4.226813334,8.201289912,5.0625,18119750230,22079730542,924755885.7,1489.491125,78.7156,7.125146545,-491595453.7,129658914429.1806,471.0776442087287,924755885.7,9.696320555973944,149
Wallis and Futuna,11620,142,81.83098591549296,Oceania,38226641740,7655.59421,4.226813334,8.201289912,5.0625,18119750230,22079730542,924755885.7,1489.491125,78.7156,7.125146545,-491595453.7,129658914429.1806,471.0776442087287,924755885.7,9.696296429,150
Saint Barthélemy,10562,21,502.95238095238096,Americas,38226641740,7655.59421,4.226813334,8.201289912,5.0625,18119750230,22079730542,924755885.7,1489.491125,78.7156,7.125146545,-491595453.7,129658914429.1806,471.0776442087287,924755885.7,9.696288965,151
Saint Pierre and Miquelon,5819,242,24.045454545454547,Americas,38226641740,7655.59421,4.226813334,8.201289912,5.0625,18119750230,22079730542,924755885.7,1489.491125,78.7156,7.125146545,-491595453.7,129658914429.1806,471.0776442087287,924755885.7,9.696255504460426,152
"Saint Helena, Ascension and Tristan da Cunha",5651,394,14.342639593908627,Africa,38226641740,7655.59421,4.226813334,8.201289912,5.0625,18119750230,22079730542,924755885.7,1489.491125,78.7156,7.125146545,-491595453.7,129658914429.1806,471.0776442087287,924755885.7,9.696254319268553,153
Montserrat,4386,102,43,Americas,38226641740,7655.59421,4.226813334,8.201289912,5.0625,18119750230,22079730542,924755885.7,1489.491125,78.7156,7.125146545,-491595453.7,129658914429.1806,471.0776442087287,924755885.7,9.696245395055927,154
Falkland Islands,3662,12173,0.3008297050850242,Americas,38226641740,7655.59421,4.226813334,8.201289912,5.0625,18119750230,22079730542,924755885.7,1489.491125,78.7156,7.125146545,-491595453.7,129658914429.1806,471.0776442087287,924755885.7,9.696240287443327,155
Tokelau,2608,12,217.3333333333333,Oceania,38226641740,7655.59421,4.226813334,8.201289912,5.0625,18119750230,22079730542,924755885.7,1489.491125,78.7156,7.125146545,-491595453.7,129658914429.1806,471.0776442087287,924755885.7,9.696232852,156
Svalbard and Jan Mayen,2530,61399,0.041205883,Europe,38226641740,7655.59421,4.226813334,8.201289912,5.0625,18119750230,22079730542,924755885.7,1489.491125,78.7156,7.125146545,-491595453.7,129658914429.1806,471.0776442087287,924755885.7,9.696232301507605,157
Norfolk Island,2188,36,60.77777777777778,Oceania,38226641740,7655.59421,4.226813334,8.201289912,5.0625,18119750230,22079730542,924755885.7,1489.491125,78.7156,7.125146545,-491595453.7,129658914429.1806,471.0776442087287,924755885.7,9.696229888795575,158
Christmas Island,1692,135,12.533333333333331,Oceania,38226641740,7655.59421,4.226813334,8.201289912,5.0625,18119750230,22079730542,924755885.7,1489.491125,78.7156,7.125146545,-491595453.7,129658914429.1806,471.0776442087287,924755885.7,9.696226389657662,159
Niue,1681,260,6.465384615384616,Oceania,38226641740,7655.59421,4.226813334,8.201289912,5.0625,18119750230,22079730542,924755885.7,1489.491125,78.7156,7.125146545,-491595453.7,129658914429.1806,471.0776442087287,924755885.7,9.696226312055813,160
Antarctica,1300,14000000,9.285714285714286e-05,Antarctic,38226641740,7655.59421,4.226813334,8.201289912,5.0625,18119750230,22079730542,924755885.7,1489.491125,78.7156,7.125146545,-491595453.7,129658914429.1806,471.0776442087287,924755885.7,9.696223624209955,161
Vatican City,882,0.49,1800,Europe,38226641740,7655.59421,4.226813334,8.201289912,5.0625,18119750230,22079730542,924755885.7,1489.491125,78.7156,7.125146545,-491595453.7,129658914429.1806,471.0776442087287,924755885.7,9.696220675339697,162
Cocos (Keeling) Islands,593,14,42.35714285714285,Oceania,38226641740,7655.59421,4.226813334,8.201289912,5.0625,18119750230,22079730542,924755885.7,1489.491125,78.7156,7.125146545,-491595453.7,129658914429.1806,471.0776442087287,924755885.7,9.696218636527485,163
French Southern and Antarctic Lands,400,7747,0.05163289,Antarctic,38226641740,7655.59421,4.226813334,8.201289912,5.0625,18119750230,22079730542,924755885.7,1489.491125,78.7156,7.125146545,-491595453.7,129658914429.1806,471.0776442087287,924755885.7,9.696217274967772,164
Pitcairn Islands,35,47,0.7446808510638298,Oceania,38226641740,7655.59421,4.226813334,8.201289912,5.0625,18119750230,22079730542,924755885.7,1489.491125,78.7156,7.125146545,-491595453.7,129658914429.1806,471.0776442087287,924755885.7,9.6962147,165
Bouvet Island,0,49,89.75765645805592,Antarctic,38226641740,7655.59421,4.226813334,8.201289912,5.0625,18119750230,22079730542,924755885.7,1489.491125,78.7156,7.125146545,-491595453.7,129658914429.1806,471.0776442087287,924755885.7,9.696214453082359,168
South Georgia,0,3903,89.75765645805592,Antarctic,38226641740,7655.59421,4.226813334,8.201289912,5.0625,18119750230,22079730542,924755885.7,1489.491125,78.7156,7.125146545,-491595453.7,129658914429.1806,471.0776442087287,924755885.7,9.696214453082359,168
United States Minor Outlying Islands,0,34.2,89.75765645805592,Americas,38226641740,7655.59421,4.226813334,8.201289912,5.0625,18119750230,22079730542,924755885.7,1489.491125,78.7156,7.125146545,-491595453.7,129658914429.1806,471.0776442087287,924755885.7,9.696214453082359,168
British Indian Ocean Territory,0,60,89.75765645805592,Africa,38226641740,7655.59421,4.226813334,8.201289912,5.0625,18119750230,22079730542,924755885.7,1489.491125,78.7156,7.125146545,-491595453.7,129658914429.1806,471.0776442087287,924755885.7,9.696214453082359,168
Heard Island and McDonald Islands,0,412,89.75765645805592,Antarctic,38226641740,7655.59421,4.226813334,8.201289912,5.0625,18119750230,22079730542,924755885.7,1489.491125,78.7156,7.125146545,-491595453.7,129658914429.1806,471.0776442087287,924755885.7,9.696214453082359,168
Bosnia and Herzegovina,3422000,51209,66.82419106,Europe,24534663636,7655.59421,4.226813334,14.02084408,12.657,11851991205,15186504626,184484799.3,2270.726376,78.8455,5.224749178,-3334513420,103703443400.22752,411.9479612825428,184484799.3,9.641630287624817,171
Kosovo,1585566,10908,145.35808580858085,Europe,9354907646,5290.950065,4.278498958,11.58051045,5.0625,3613394542,6678129416,107601580.2,1489.491125,78.7156,7.125146545,-3064734875,40024962619.44821,471.0776442087287,107601580.2,9.468831309,172
Uzbekistan,37859698,447400,84.62158694680376,Asia,90095926567,2578.666894,6.001342322,11.4466437,4.456,20962647201,35654761540,924755885.7,1381.804488,83.9,1.412102407,-14692114339,540696497152.0584,118.4753919770434,924755885.7,9.376699598993705,173
South Sudan,15786898,619745,25.47321559673737,Africa,38226641740,7655.59421,4.226813334,-6.687320942,12.475,18119750230,22079730542,520445647.2,69.04336461,78.7156,7.125146545,-491595453.7,129658914429.1806,471.0776442087287,520445647.2,9.373071022160413,174
Sudan,51662000,1886068,27.391377193187097,Africa,51666875363,1046.240845,-0.957816591,138.8084602,7.53,811770224.7,582633199.5,924755885.7,411.7805382,78.7156,7.125146545,229137025.26031804,-49487390434,471.0776442087287,924755885.7,9.263756723586198,175
Peru,34350244,1285216,26.727214724995644,Americas,2.46066E+11,7350.630343,2.809033553,8.333706301,4.291,70945282635,70042848043,2799190985,826.7056467,74.675,4.589466164,902434591.7442015,691206443307.8767,342.7183858262257,2799190985,9.261832281083938,176
Guyana,772975,214969,3.5957510152626657,Americas,14718388489,17913.49281,63.33463437,6.115055501,11.907,18119750230,22079730542,88198241.21,1489.491125,78.3924,0.123954109,-491595453.7,932183753413.1971,9.717060119471748,88198241.21,9.258356120073852,177
Kiribati,120740,811,148.87792848335388,Oceania,270040453.3,2069.767173,4.566325931,5.345954409,5.0625,20535972.42,270259460.7,924755885.7,1489.491125,78.7156,7.125146545,-249723488.2,1233092724.1138203,471.0776442087287,924755885.7,9.240171541462198,178
Antigua and Barbuda,103603,442,234.3959276,Americas,1866566667,20105.19891,9.107806234,7.531078346,5.0625,1021455556,1175559259,924755885.7,1489.491125,77.1648,0,-154103703.7,17000327522.581196,0,924755885.7,9.198761839362179,179
Ethiopia,111652998,1104300,101.10748709589784,Africa,1.2314E+11,982.1031615,5.321759884,33.88987971,3.386,10151637926,22598141428,1785603828,377.9217527,78.7156,3.210265749,-12446503502,655323133479.2164,471.0776442087287,1785603828,9.194712362661454,180
Panama,4064780,75417,53.89739713857618,Americas,76479304471,17378.607,11.03854753,2.859651288,8.086,36730407984,34758827459,0,1062.699256,77.7041,0.233624548,1971580525,844220437171.3741,18.153585270429247,0,9.165548259510302,181
Bhutan,784043,38394,20.420977236026463,Asia,2898227744,3711.32768,5.213867838,5.639166714,5.947,739014454,1741034284,924755885.7,1489.491125,86.2903,0.012217994,-1002019830,15110976419.968204,1.0542943664949982,924755885.7,9.141692882125362,182
Jamaica,2825544,10991,257.07797288690745,Americas,18813516805,6626.475024,6.439303237,10.34956884,4.083,18119750230,22079730542,220530651.1,968.8794198,82.4453,1.470984755,-491595453.7,121145939654.92545,121.2757794352177,220530651.1,9.030106859,183
Georgia,4000921,69700,57.40202295552367,Asia,24984568960,6729.846599,10.95853214,11.89816542,11.621,13111621768,15544538955,401381726.2,1543.5838,78.7113,2.949200903,-2432917187,2.73794E+11,232.1354370012427,401381726.2,9.016288095211596,184
Haiti,11867032,27750,427.6407927927928,Americas,20253551921,1760.626357,-1.681983969,33.98393195,14.54,1466106038,5932425395,12704528.3,377.5260604,78.7156,7.125146545,-4466319356,-34066149645,471.0776442087287,12704528.3,8.975367336121971,185
Tuvalu,10643,26,409.34615384615387,Oceania,59065982.09,5911.327271,0.677309361,8.201289912,5.0625,18119750230,22079730542,924755885.7,1489.491125,73.5846,7.125146545,-491595453.7,40005942.610319965,471.0776442087287,924755885.7,8.966602157761265,186
Albania,2363314,28748,82.20794490051482,Europe,19017247014,7756.961887,4.826800623,6.725202715,10.785,7073859741,9033376425,228693159.6,884.5722153,82.6137,0.059640998,-1959516683,91792459742.64062,4.927163496381254,228693159.6,8.854264539764646,187
Botswana,2359609,582000,4.054310996563574,Africa,20321150599,8328.709057,5.486017064,11.66556748,23.615,8848562925,8548721138,512727689.1,1165.149687,80.3696,0.502381294,299841787.50288963,111482178956.56796,40.37618365,512727689.1,8.801979824,188
Kenya,53330978,580367,91.89181672975892,Africa,1.14449E+11,2109.562885,4.859981043,7.659862683,5.565,18262655905,27832040675,1155179523,541.1280499,78.7156,2.26073811,-9569384770,556219864198.8019,471.0776442087287,1155179523,8.767092458027028,189
Fiji,900869,18272,49.30325087565674,Oceania,4977861886,5414.120921,17.74512698,4.320118562,5.403,18119750230,22079730542,68096765.71,1489.491125,78.2433,2.241245878,-491595453.7,88332791235.78577,175.36247357047995,68096765.71,8.719976662914483,190
Ecuador,18103660,276841,65.39370974674993,Americas,1.16133E+11,6515.585284,5.868423549,3.466169722,3.713,35914453000,35949643000,2586480000,904.7399236,69.7181,6.711579234,-35190000,681518342051.4971,467.9185521979296,2586480000,8.652044356896567,191
Grenada,109021,344,316.92151162790697,Americas,1224007407,10469.3867,7.31023807,2.580539259,5.0625,18119750230,22079730542,924755885.7,1489.491125,74.2689,2.17718749,-491595453.7,8947785547.370825,161.69731994575707,924755885.7,8.60537137,192
Mauritius,1243741,2040,609.6769607843137,Africa,12936444123,10246.50175,8.693066753,10.77375122,6.322,8671207275,10431237060,17884595.97,1095.738797,75.5,2.067079625,-1760029785,112457372305.68506,156.06451170915338,17884595.97,8.572085451873322,193
Moldova,2749076,33847,81.22066948326292,Europe,14525337524,5744.296184,-4.600000026,28.73729768,0.909,5988282385,10297187836,52330948.68,1422.635753,76.7412,2.140180394,-4308905451,-66816552980,164.24001161649394,52330948.68,8.527302005936674,194
Gabon,2469296,267668,9.225219301522785,Africa,20440655695,8409.207415,3.037614495,4.231247983,20.319,13813536175,5004762839,277674769,2096.245648,70.7069,3.907584942,8808773336,62090832033.25078,276.2932177581246,277674769,8.523179858156217,195
Cuba,9748007,109884,88.71179607586181,Americas,38226641740,7655.59421,1.774652277,8.201289912,1.829,18119750230,22079730542,924755885.7,815.6158628,68.25,7.875589132,-491595453.7,129658914429.1806,537.5089582471682,924755885.7,8.498926283,196
Tunisia,11972169,163610,73.17504431269482,Africa,44929920093,3707.292834,2.75228761,8.306461244,15.3,23060703699,29101043949,1156186916,956.0411189,70.5532,7.189886086,-6040340250,123660062391.65948,507.2694710129561,1156186916,8.474245798531605,197
Marshall Islands,42418,181,234.3535912,Oceania,258723510.7,6455.660622,-0.700563927,8.201289912,5.0625,103432075.5,228608440.4,924755885.7,1489.491125,64.8023,7.125146545,-125176364.9,-181252358.6,471.0776442087287,924755885.7,7.967945746220706,198
El Salvador,6029976,21041,286.58219666365665,Americas,31870120000,5074.602102,2.954615165,7.198616156,2.999,10336590000,17932560000,458494000,768.6834295,65.5298,7.850018887,-7595970000,94163939878.26949,514.4101676836519,458494000,7.942328492910003,199
Bolivia,11365333,1098581,10.34546656095454,Americas,50959081954,4219.461137,3.747417812,1.746328729,3.552,14163562909,15150615137,429365590.6,798.2932201,67.3612,5.517697487,-987052228.7,190964971417.55493,371.6787239736227,429365590.6,7.816119588802419,200
Belize,417634,22966,18.18488199947749,Americas,2846604350,7068.21728,9.250513295,6.276893194,8.682,1496710050,1573075200,27805037.5,1489.491125,71.8096,0.000181554,-76365150,26332551386.16211,0.013037353,27805037.5,7.719645394549925,201
Angola,36170961,1246700,29.01336408,Africa,1.31212E+11,3682.113151,4.216002585,21.35529013,14.124,46181518626,26319489923,1622763732,423.1225176,42.0719,22.063504,19862028703.316395,5.53191E+11,928.2535339198498,1622763732,7.670201601541948,202
Ghana,33742380,238533,141.45791148394562,Africa,73919003210,2229.891226,3.80484981,31.2558951,2.87,25623315467,26205330554,229278866.2,359.1793791,69.3607,1.957407169,-582015086.6,2.81251E+11,135.76713139357486,229278866.2,7.449568580116648,203
Equatorial Guinea,1668768,28051,59.49049944743503,Africa,13687643436,7589.299649,3.223508317,4.786717047,8.334,7249945761,3948328172,156791634.9,1283.935168,59.3433,7.125146545,3301617588.7900195,44122232449.20036,471.0776442087287,156791634.9,7.398457262948588,204
Djibouti,1066809,23200,45.98314655172414,Africa,3562814909,3133.257798,5.166537029,5.17980848,26.272,5673808948,5096060679,924755885.7,1489.491125,63.2573,3.024177421,577748268.4,18407415151.963924,191.30129836395307,924755885.7,6.983366815969133,205
Cambodia,17577760,181035,97.09592067832187,Asia,39994532960,2325.0305,5.129901108,5.343702649,0.245,28878876682,29462601452,618689402,501.6441362,59.6606,6.562225982,-583724770,205167998933.02475,391.5063394434633,618689402,6.968535847530583,206
Honduras,9892632,112492,87.94076023183871,Americas,31426041807,3003.289968,4.14356194,9.089639115,8.774,13336955013,22079730542,458310727.9,573.3444451,56.3896,7.125146545,-8742775528,130215750759.82552,471.0776442087287,458310727.9,6.644976462908462,207
Bangladesh,169828911,147570,1150.8362878633868,Asia,4.60132E+11,2716.485928,7.099828776,7.696954372,4.593,59275206086,96157127887,4214350329,297.1183563,41.6165,7.125146545,-36881921801,3266856206787.252,471.0776442087287,4214350329,6.618781120390184,208
Guatemala,18079810,108889,166.03890200112042,Americas,95641446501,5358.70157,4.184518172,6.885128233,3.051,18119750230,33938882320,441379595.1,887.8389253,55.4086,4.971624032,-15819132090,400213370920.1359,275.47072732337955,441379595.1,6.595629182464173,209
Myanmar,51316756,676578,75.84750908,Asia,62253049903,1158.050051,4.037493436,8.201289912,3.063,18119750230,22079730542,2489905987,399.5211852,58.0112,2.614578396,-491595453.7,251346280356.0026,151.67483022538786,2489905987,6.3457175248615165,210
Namibia,3022401,825615,3.660787413019386,Africa,12569449123,4349.799085,5.39872478,6.081281141,19.615,5085407033,7391349289,365631268.8,692.4613564,61.1485,0.056365656,-2305942256,67858996457.85873,3.4466752985146165,365631268.8,6.153116203783685,211
Tonga,100179,747,134.10843373493975,Oceania,556514555.4,5298.019415,-2.128544524,10.97136529,2.002,59899929.85,330368566.5,924755885.7,1489.491125,57.7181,0.552737028,-270468636.7,-1184566009,31.902931059856822,924755885.7,6.108937361200392,212
Senegal,18593258,196722,94.51539736,Africa,27783332223,1574.028106,3.850431937,9.696818991,2.837,7417917497,14697565401,421013743.8,315.9659328,59.2246,2.300686888,-7279647904,106977829716.41002,136.2572606404358,421013743.8,6.108076114340336,213
Samoa,205557,2842,72.32828993666432,Oceania,889554711.8,4132.447177,2.267050552,10.96188223,5.048,102172238.5,439102052.5,924755885.7,1489.491125,57.3288,0.554369269,-336929813.9,2016665500.952493,31.781324962794915,924755885.7,5.989175671835399,214
Nigeria,223800000,923768,242.26862155865976,Africa,6.4695E+11,2899.160475,4.318829495,18.84718778,3.827,18119750230,22079730542,3109384939,333.0607296,37.6975,2.384883029,-491595453.7,2794067854374.951,89.90412798624885,3109384939,5.922964108754781,215
Eswatini,1235549,17364,71.15578207786224,Africa,4746660274,3894.162009,0.386070836,8.201289912,36.472,2112045177,2282013574,83200580.48,958.9169438,57.465,0.31591177,-169968396.2,1832547097.925644,18.15386987338968,83200580.48,5.794948683868369,216
Vanuatu,321409,12189,26.368775125112805,Oceania,1055031361,3370.21192,5.186228624,6.679305819,5.077,99441790.09,571554063.5,924755885.7,1489.491125,45.6747,7.125146545,-472112273.4,5471633841.662298,471.0776442087287,924755885.7,5.6164763388595285,217
Nepal,29911840,147181,203.2316671309476,Asia,41182939601,1385.910663,5.631314557,7.670205794,10.661,2760241582,17408444770,454509775.3,519.9506041,53.8878,0.617520704,-14648203188,231914087266.64905,33.276832218654896,454509775.3,5.385619984550192,218
Tajikistan,10499000,143100,73.36827393431167,Asia,10713525200,1052.179495,8.000000338,8.201289912,7.051,1751996066,5258453958,203942083.3,375.1970951,53.1078,1.62712759,-3506457893,85708205229.33713,86.41316664192513,203942083.3,5.210028526974866,219
Solomon Islands,750325,28896,25.96639673311185,Oceania,1466670930,1877.781045,-2.584483618,5.518129286,1.475,412603523.3,684987594.7,924755885.7,1489.491125,42.094,7.125146545,-272384071.4,-3790586990,471.0776442087287,924755885.7,5.119251261949866,220
Sri Lanka,21763170,65610,331.7050754458162,Asia,74143020263,3342.636503,-7.349193013,49.72110211,4.528,15984910765,18626984758,1001955819,473.9208256,48.3,1.086374577,-2642073994,-5.44891E+11,52.47189207013361,1001955819,4.964127483,221
Nicaragua,6803886,130373,52.18784564288618,Americas,15634572502,2322.89054,3.550299456,10.46742445,4.969,7800991077,10249854374,84214047.86,608.2455467,49.1307,1.255393213,-2448863297,55507414251.64253,61.678347337661954,84214047.86,4.854839014466126,222
Mali,22395489,1240192,18.05808213566932,Africa,22539987719,976.9141164,3.703190276,9.621476085,2.387,5866178905,8009736750,582017552.5,1489.491125,34.3797,10.25786683,-2143557844,83469863340.28802,352.6623842037368,582017552.5,4.844880142943117,223
Lesotho,2116427,30355,69.72251688354473,Africa,2354980960,1030.125829,2.387780202,8.271803899,16.623,1095216446,2257663700,34668499.9,1489.491125,46.5007,0.092572627,-1162447254,5623176912.116343,4.304691940934357,34668499.9,4.4991305806803314,224
Cameroon,29442327,475442,61.92622233626815,Africa,44347206073,1604.87727,3.736784006,6.247677133,3.646,8568684369,9740770348,416638021.6,384.1048632,41.775,3.28864706,-1172085979,1.65716E+11,137.3832309331572,416638021.6,4.414028922,225
Pakistan,241499431,796095,303.3550405416439,Asia,3.7489E+11,1538.322813,4.778106869,19.87385996,5.291,39515650036,84315688680,10358138590,470.7234965,24.2103,1.432256354,-44800038644,1791265896859.8923,34.67535601208342,10358138590,4.258636013624083,226
Timor-Leste,1391221,14874,93.53375016807853,Asia,3208599889,2343.249547,-20.52247856,7.005309454,1.537,1784364499,1347906339,44311000,1489.491125,34.5102,6.829766985,436458160.1,-65848422418,235.6966246070097,44311000,4.248282181365337,227
Papua New Guinea,11781559,462840,25.45492826894824,Oceania,31653185953,3102.289686,5.707584042,5.253239222,2.689,18119750230,22079730542,132790940.6,1489.491125,23.7315,11.97180294,-491595453.7,180663219033.66025,284.1088414,132790940.6,4.006116839834524,228
Mauritania,4927532,1030700,4.780762588532066,Africa,9557966698,1960.352401,6.796005005,9.525266286,10.52,3798126438,5953475024,225352135.5,1489.491125,34.3001,3.979493382,-2155348585,64955989517.99646,136.49702095235085,225352135.5,3.8110543284715774,229
Niger,26312034,1267000,20.767193370165742,Africa,15433852712,609.7451476,11.9,4.226217919,0.403,4075011586,4075011586,242507046.3,162.0458659,23.2982,13.87081478,0,183662847276.7535,323.1650169077758,242507046.3,3.7282289024887576,230
Zimbabwe,17073087,390757,43.69233820507374,Africa,40757561709,2536.400502,6.139263276,104.7051706,10.087,9659224064,12784886010,332717337.3,416.5868754,37.8861,1.476931138,-3125661946,250221401805.8402,55.955160778294434,332717337.3,3.6874603436007973,231
Guinea-Bissau,1781308,36125,49.30956401384083,Africa,1859601384,883.1991315,5.529872531,9.39075934,2.666,273823396.6,577102213.9,24538678.14,1489.491125,27.5672,7.125146545,-303278817.3,10283358611.544508,471.0776442087287,24538678.14,3.4125193950739248,232
Liberia,5248621,111369,47.12820443750056,Africa,4001047000,744.6171752,4.808105173,7.592984866,2.956,18119750230,22079730542,52198000,1489.491125,21.8966,10.26799784,-491595453.7,19237454777.74224,224.8342415103531,52198000,3.3130140001883435,233
Guinea,14363931,245857,58.42392529,Africa,19910452542,1416.59612,3.972407842,10.493041,5.174,9043059038,9705672892,441260169.7,1489.491125,24.6954,7.125146545,-662613853.5,79092437815.44295,471.0776442087287,441260169.7,3.2625243674009847,234
Rwanda,14104969,26338,535.5368289163946,Africa,13316161002,975.4693237,8.161207209,17.68920956,15.084,2993214862,5148962370,176431664.6,372.9914024,31.2252,4.784729796,-2155747509,108675949165.31264,149.40414482158525,176431664.6,3.250398548761832,235
Benin,13224860,112622,117.4269680879402,Africa,17425405091,1266.42711,6.252947054,1.350778636,1.685,3627155582,4106516765,110010370.3,375.8209836,30.0134,4.287156206,-479361182.9,108960135423.0662,128.67213407961958,110010370.3,3.0580767280935635,236
Togo,8095498,56785,142.56402218895835,Africa,8646453099,951.2323787,6.29443692,7.967573616,1.965,2162409655,3161651830,336608323.3,425.4023211,35.5105,0.301071945,-999242174.5,54424553617.66976,10.691215310136352,336608323.3,3.0265524996480853,237
Comoros,919901,1862,494.0392051557465,Africa,1222485532,1465.479643,2.603010319,12.53203146,3.879,158275538.1,457719891,924755885.7,1489.491125,32.7685,0.307330847,-299444352.9,3182142455.7969203,10.07077084432802,924755885.7,3.020784354796078,238
Eritrea,3607000,117600,30.67176871,Africa,38226641740,7655.59421,4.226813334,8.201289912,6.033,18119750230,22079730542,924755885.7,289.5477947,18.7092,7.125146545,-491595453.7,129658914429.1806,471.0776442087287,924755885.7,2.6181898187513672,239
Afghanistan,43844000,652230,67.22168560170492,Asia,14497243872,357.2611528,-6.240171992,13.71210237,14.1,2664599571,7901784706,924755885.7,1489.491125,17.1917,7.125146545,-5237185135,-90465295178,471.0776442087287,924755885.7,2.5429736120715862,240
Sierra Leone,9077691,71740,126.53597713967105,Africa,7121125278,860.3710679,5.313554614,27.20828838,3.137,1194958862,2013408070,41795800.34,1489.491125,19.2287,7.125146545,-818449208.3,37838488076.63092,471.0776442087287,41795800.34,2.533472469666851,241
Tanzania,68153004,947303,71.94425015016314,Africa,75749121843,1207.52063,4.566005764,4.350272043,1.573,11675750362,14839056923,874979057.7,405.1463148,22.101,1.70363566,-3163306560,345870926976.1359,37.652051712847445,874979057.7,2.2655223039697088,242
Mozambique,34090466,801590,42.52855699297646,Africa,18883528581,578.2516638,4.364450744,10.27940181,6.789,9409084986,16136472870,417175309.4,358.6376944,18.7913,3.179624181,-6727387884,82416230372.47794,59.74927188,417175309.4,1.7495176895053384,243
Malawi,20734262,118484,174.99630329833565,Africa,12429059928,604.2697404,0.921115069,20.95396973,5.02,1409751313,4011385129,117546956.7,1489.491125,17.0457,2.307695393,-2601633817,11448594393.352589,39.33628336175796,117546956.7,1.637265992763734,244
Chad,19340757,1284000,15.062894859813085,Africa,17828508290,966.0364683,4.129698977,5.788026878,1.081,5657938456,2897673571,331746766,198.5447745,12.4865,7.125146545,2760264886,73626372440.79773,471.0776442087287,331746766,1.4943529561800486,245
Madagascar,31727042,587041,54.045700385492665,Africa,15325603273,503.5145335,4.156097784,8.16059032,3.186,4680944199,6130829741,98149169.22,308.6725396,18.5532,0.348624985,-1449885543,63694705797.656105,6.468109064174225,98149169.22,1.2393335465652748,246
Zambia,19693423,752612,26.16676720541261,Africa,29163782140,1447.123101,5.211223604,10.99320392,5.993,11722089926,8487628172,326078759.6,800.6748735,15,0.716710302,3234461754.1311007,151978989859.65323,10.75065452774148,326078759.6,1.057642576151023,247
Burkina Faso,24070553,272967,88.18118307,Africa,18622421395,827.3308435,1.626732582,14.29023543,3.828,5813561183,6760351772,562583349.2,312.9290858,14.6238,1.528998976,-946790588.7,30293699640.570946,22.359775232471968,562583349.2,0.9581694824358954,248
Uganda,45905417,241550,190.0451956116746,Africa,45565333211,963.0673141,4.588021922,7.19578886,2.885,5477862278,10244593521,924755885.7,482.8216215,11.1246,2.395714863,-4766731243,209054747646.5882,26.65136956590776,924755885.7,0.9410134861868699,249
Burundi,12332788,27834,443.0835669,Africa,4036192553,302.9925053,2.317701222,18.80087867,0.909,18119750230,22079730542,101434221.2,1489.491125,11.0009,1.117924092,-491595453.7,9354688412.999332,12.29817114001631,101434221.2,0.7366347038159481,250